,category
Myristyl propionate,0.0
Thymol,0.0
Benzalkonium chloride,0.0
"Anise oil + eucalyptus oil, 1+1",0.0
Miglyol® 812,0.0
Monosodium glycyrhizzinate,0.0
Hydrogel 843T,0.0
Glacial acetic acid,0.0
Carbopol® 940,0.0
Sodium diphosphate,0.0
Cellulose,0.0
Simple syrup,0.0
Paracetamol,0.0
Triethyl citrate,0.0
Flavor,0.0
Glycol stearate,0.0
Miglyol® 829,0.0
Magnesium stearate,0.0
Sodium disulfite,0.0
Gelatin,0.0
Sodium lauryl sulfate,0.0
Acesulfame,0.0
Soybean oil,0.0
Ethyl acetate,0.0
Ammonium glycyrrhizinate,0.0
Sodium phosphate,0.0
Tylose® M 300,0.0
Talc,0.0
Propylene glycol + water (2 + 1),0.0
Liquid nitrogen,0.0
Propyl gallate,0.0
Cremophor,0.0
Xanthan gum,0.0
Kaolin,0.0
Fenopon® CO 436,0.0
Sodium carbonate,0.0
Dextromethorphan hydrobromide,0.0
Xylitol,0.0
Corn starch,0.0
Purified bentonite,0.0
Polyvinyl pyrrolidone,0.0
Manganese chloride,0.0
Sugar syrup,0.0
Thymian oil,0.0
Cetostearyl alcohol,0.0
Wheaten flour,0.0
Adapalene,0.0
Dicalcium phosphate,0.0
Ethocel® 20,0.0
Luvitol EHO,0.0
Dimethyl formamide,0.0
Soluphor P,0.0
Polyethylene glycol 600,0.0
Sodium cyclamate,0.0
Reducing agent,0.0
Alpha-Tocopherol,0.0
Kollidon 17 PF,0.0
Cremophor EL,0.0
Dichlorodifluoromethane,0.0
Magnesium carbonate,0.0
Sodium sulfite,0.0
Silicone emulsion,0.0
Shellac,0.0
Sodium stearoyl lactylate,0.0
Lutensit® AES,0.0
Calcium carbonate,0.0
Tablettose,0.0
Orange aroma,0.0
Cetrimide,0.0
Simethicone,0.0
Butane,0.0
Dye,0.0
Silicon dioxide,0.0
Fluoride,0.0
HyFlo filter aid,0.0
Methyl paraben,0.0
Texapon® K 12,0.0
Magnesium aluminium silicate,0.0
Castor oil,0.0
Alpha-Bisabolol,0.0
Polawax A31,0.0
Oleic acid,0.0
Ammonium chloride,0.0
Butyl aminobenzoate,0.0
Kollidon 25,0.0
Butyl monoester of poly(methylvinyl ether/maleic acid) in isopropyl alcohol,0.0
Parabens,0.0
Guar gum,0.0
Sodium bisulfite,0.0
Benzyl alcohol,0.0
White Mineral Oil,0.0
Lutrol F 127,0.0
Tartaric acid,0.0
Brij 98,0.0
Lemon spirit,0.0
Isopropanol,0.0
Syrup,0.0
Kollidon 30,0.0
Sodium fluoride,0.0
Anise oil,0.0
Kollidon 12 PF,0.0
Ethylenediamine tetraacetate disodium,0.0
Carmelose sodium,0.0
Isopropyl myristate,0.0
Ethanol,0.0
Propanol,0.0
Maltitol,0.0
Hydrochloric acid,0.0
Monoamide® 150 MAW,0.0
Dextrates,0.0
Saccharin sodium,0.0
Lutrol E 6000,0.0
Carbon dioxide,0.0
Sodium biphosphate,0.0
Poloxyl 20 cetostearyl ether,0.0
Sodium formaldehyde sulfoxylate,0.0
Ascorbic acid,0.0
Potassium sorbate,0.0
Viosterol in corn oil,0.0
Isopropyle myristate,0.0
Cholic acid,0.0
Tegiloxan® 100,0.0
Sorbic acid,0.0
"Propane + butane, 1+3",0.0
Ipecac fluid extract,0.0
Water + isopropanol (10 + 3),0.0
Lutrol F 68,0.0
D-alpha-tocopheryl polyethylene glycol 1000 succinate (TPGS),0.0
Ritasynt IP,0.0
Neutronyx® S 60,0.0
Hydroxyethylcellulose,0.0
Cetylstearyl alcohol,0.0
Sodium citrate,0.0
Glyceryl monostearate,0.0
Hydroxypropylmethylcellulose,0.0
"Cetearyl alcohol, polysorbate 60, Polyethylene glycol 15 stearate, and steareth-20 (Ritachol 1000)",0.0
Magnesium hydroxide,0.0
Ethanolamine,0.0
Sequestrene disodium,0.0
Ludipress,0.0
Polyethylene glycol 400,0.0
Labrafil M 1944CS,0.0
Buffer,0.0
Olive oil,0.0
Potassium iodide,0.0
Floral Bouquet,0.0
Calcium chloride,0.0
Carbopol 974P,0.0
Magnesium oxide,0.0
Cremophor A 25,0.0
Polyethylene glycol,0.0
Kollidon CL,0.0
Titanium dioxide,0.0
Chlorpheniramine maleate,0.0
Eucalyptol,0.0
Fructose,0.0
Lutrol E 1500,0.0
Dichlorotetrafluoroethane,0.0
AcDiSol,0.0
Carboxymethylcellulose sodium,0.0
Cetyl alcohol,0.0
Menthol,0.0
Dibasic sodium phosphate,0.0
Propyl paraben,0.0
Sucrose,0.0
Methylcellulose,0.0
Trichloromonofluoromethane,0.0
Tyloxapol,0.0
Benzoic acid,0.0
Potassium citrate,0.0
Glucose,0.0
Solutol HS 15,0.0
Ferrous gluconate,0.0
Butylated hydroxyanisole,0.0
Polyvinyl alcohol,0.0
"HPMC 6 mPa · s (e. g. Pharmacoat® 606, Shin-etsu)",0.0
Disodium undecylenamido MEA-sulfosuccinate,0.0
Benzyl benzoate,0.0
Trisodium citrate,0.0
Lutrol E 4000,0.0
Polyethylene glycol 6000,0.0
Setacin® F special paste,0.0
Acetone,0.0
Kollidon 90F,0.0
Tragacanth,0.0
Povidone,0.0
Saccharin calcium,0.0
Triethanolamine,0.0
Adenosine phosphate,0.0
Sodium gluconate,0.0
Cremophor A 6,0.0
Croscarmelose,0.0
Klucel® EF,0.0
Cyclamate sodium,0.0
HFA 227,0.0
Salicylic acid,0.0
Oil orange terpeneless No. 54125,0.0
Acacia gum,0.0
Disodium hydrogen phosphate,0.0
Peppermint oil,0.0
Monosodium glutamate,0.0
Kollicoat MAE 30 DP,0.0
Pentane,0.0
Monoammonium glycerhizzinate,0.0
Sodium salicylate,0.0
Lutrol E 400,0.0
Ferrous sulfate,0.0
Phenylephrine hydrochloride,0.0
Water purified,0.0
Sugar,0.0
Calcium arachinate,0.0
Poloxamer 188,0.0
Sweetener,0.0
Phospholipon 90H,0.0
Propylene glycol,0.0
Lauric diethanolamide,0.0
Aspartame,0.0
Mannitol,0.0
Aluminum chloride hexahydrate,0.0
Sodium hydroxide,0.0
Cocamide MEA,0.0
Bees wax,0.0
Camphora,0.0
Lactic acid,0.0
Ephedrine hydrochloride,0.0
Ammonia solution 25%,0.0
Castor sugar,0.0
Antioxidant,0.0
Sodium bicarbonate,0.0
Butylhydroxytoluene,0.0
Quinoline yellow,0.0
Magnesium trisilicate,0.0
Cremophor RH 40,0.0
Propane,0.0
Paraffin,0.0
Disodium phosphate,0.0
Deionized purified water,0.0
Edetate disodium,0.0
Sulfuric acid,0.0
Kollidon VA 64,0.0
Water + Isopropanol (1+1),0.0
Sodium chloride,0.0
Isdopropanol,0.0
Dimethyl polysiloxane emulsion,0.0
Mineral oil and acetylated lanolin alcohol,0.0
Omaprazole,0.0
Methanesulfonic acid,0.0
Pluronic F68,0.0
Fragance,0.0
Silicon oil DC 200,0.0
Dow Corning 344 Fluid,0.0
Emcol® 4400.1,0.0
Starch,0.0
Citric acid,0.0
Potassium phosphate,0.0
Polyethylene glycol 20 hydrogenated lanolin,0.0
Kollidon CL-M,0.0
Pluronic L62,0.0
Sodium acetate trihydrate,0.0
Lactose,0.0
Sodium hypochlorite,0.0
2-Aminoethanol,0.0
Microcrystalline cellulose,0.0
Hydroxypropyl cellulose,0.0
"HFA 134a (1,1,1,2-tetrafluoroethane)",0.0
Hydroxymethylcellulose,0.0
Perfume,0.0
Maize PO4 Aerosol,0.0
Methylene chloride,0.0
Water for injectables,0.0
Nonionic hydrophilic Cream,0.0
Glycamil,0.0
Cetyl dimethyl ethyl ammonium bromide,0.0
Chloroform water double-strength BP,0.0
Methylated spirit,0.0
Super Amide® L 9,0.0
Sorbitane trioleate,0.0
Sodium benzoate,0.0
Nitrogen,0.0
Vaseline,0.0
Bolus alba,0.0
Succinic acid,0.0
Pectin,0.0
Cyclamate calcium,0.0
Stearic acid,0.0
Erythrosine aluminum lake,0.0
Lecithin,0.0
Sodium Bicarbonate,0.0
Isoproterenol sulfate,0.0
Sorbitol,0.0
Polysorbate 20,0.0
Sodium metabisulfite,0.0
Polyethylene glycol 20 lanolin alcohol ether,0.0
Potato starch,0.0
Syndet base,0.0
Calcium phosphate,0.0
Sodium monohydrogen phosphase,0.0
Sodium hydrogen carbonate,0.0
TEA-lauryl sulfate,0.0
Polyoxyl 40 stearate,0.0
Polysorbate 80,0.0
Preservative,0.0
Maltodextrin,0.0
Vehicle,0.0
Potassium bicarbonate,0.0
Polyoxyl 20 cetostearyl ether,0.0
Dispersol,0.0
Glycerol,0.0
Acetic acid glacial,0.0
Potassium iodate,0.0
Cremophor NP 14,0.0
